incubation_time,infectious_time,r_zero
4.440752,3.567975,3.492618
5.721991,3.175021,3.072040
5.565346,2.718826,2.678487
5.150925,2.386519,3.500177
4.079010,2.031291,2.811992
4.713045,3.795881,3.766779
