beta[2],beta[3],progress[1],progress[2],progress[3]
1.030195,1.030195,0.196499,1.000000,0.374996
1.024464,1.024464,0.235516,1.000000,0.349266
1.192238,1.192238,0.190332,1.000000,0.618273
1.116984,1.116984,0.205022,1.000000,0.543288
1.032910,1.032910,0.243022,1.000000,0.427223
1.347678,1.347678,0.169614,1.000000,0.879566
1.234168,1.234168,0.186694,1.000000,0.524038
1.044558,1.044558,0.177499,1.000000,0.698783
0.834170,0.834170,0.223667,1.000000,0.440459
