beta[2],beta[3],progress[1],progress[2],progress[3]
0.667903,0.667903,0.203253,1.000000,0.364216
0.867602,0.867602,0.225996,1.000000,0.344958
1.336687,1.336687,0.222980,1.000000,0.864222
0.989461,0.989461,0.194549,1.000000,0.469215
0.719304,0.719304,0.173533,1.000000,0.375603
0.903472,0.903472,0.216211,1.000000,0.356941
