beta[2],beta[3],too_ill_to_move[3]
0.000000,0.000000,0.000000
0.870000,0.000000,0.000000
0.000000,0.870000,0.000000
0.870000,0.870000,0.000000
0.000000,0.000000,1.000000
0.870000,0.000000,1.000000
0.000000,0.870000,1.000000
0.870000,0.870000,1.000000
