beta[0],beta[1],beta[2],beta[3],too_ill_to_move[2],too_ill_to_move[3]
0.684008,0.228774,0.273555,0.197070,0.144092,0.541231
0.084083,0.468885,0.359036,0.011851,0.457710,0.940530
0.239462,0.775867,0.746859,0.794388,0.762816,0.710910
0.427370,0.082378,0.130636,0.582993,0.584526,0.164484
0.529219,0.305214,0.509190,0.523237,0.952093,0.409374
0.744036,0.624860,0.710848,0.353037,0.270261,0.325314
