beta[2],too_ill_to_move[2]
0.300000,0.000000
0.400000,0.000000
0.500000,0.000000
0.300000,0.250000
0.400000,0.250000
0.500000,0.250000
0.300000,0.500000
0.400000,0.500000
0.500000,0.500000
