incubation_time,infectious_time,r_zero,lock_1_restrict,lock_2_release
4.919970,3.745624,2.501715,0.000000,1.000000
4.424855,3.898900,3.382694,0.000000,1.000000
4.484699,2.157110,2.883381,0.000000,1.000000
5.140089,3.131217,3.098218,0.000000,1.000000
5.762577,3.662386,2.634370,0.000000,1.000000
4.625109,3.801582,3.434623,0.000000,1.000000
