incubation_time,infectious_time,r_zero
4.919970,3.745624,2.501715
4.424855,3.898900,3.382694
4.484699,2.157110,2.883381
5.140089,3.131217,3.098218
5.762577,3.662386,2.634370
4.625109,3.801582,3.434623
