beta[2],beta[3],progress[1],progress[2],progress[3]
0.978880,0.978880,0.225187,1.000000,0.389412
0.967565,0.967565,0.174764,1.000000,0.459766
0.985163,0.985163,0.179683,1.000000,0.581792
1.466645,1.466645,0.194140,1.000000,0.721231
1.384337,1.384337,0.245158,1.000000,0.969658
0.992333,0.992333,0.212177,1.000000,0.357669
